<?xml version="1.0"?>
<pagescount>
	<html_total>8</html_total>
	<html_done>1</html_done>
	<images>91</images>
	<script>8</script>
	<css>4</css>
	<pdf/>
	<documents/>
	<excel/>
	<powerpoint/>
	<flash/>
	<audios/>
	<videos/>
	<xml/>
	<json/>
	<txt/>
	<autocad/>
	<fonts>5</fonts>
	<scraping_reload>1</scraping_reload>
	<is_pretty_url>false</is_pretty_url>
	<is_ebn>false</is_ebn>
	<email>catherinejoneskk21@gmail.com</email>
	<theme_name>WmdTheme765597</theme_name>
	<server_url_front_page>https://www6.waybackmachinedownloader.com/wdo/files/demo/nuts.themerex.net_catherinejoneskk21_gmail.com_ls4u9xuluh/</server_url_front_page>
	<no_www_url>nuts.themerex.net</no_www_url>
	<hosted_domain/>
	<original_archive_url>https://nuts.themerex.net/splash/</original_archive_url>
	<final_archive_url>https://nuts.themerex.net/splash/</final_archive_url>
	<front_page_code_date/>
	<total_urls_from_api/>
	<max_reached_live>false</max_reached_live>
	<scrape_other_captures>false</scrape_other_captures>
	<total_size>25488</total_size>
</pagescount>
